13757_btn,AP_HDG_HOLD
13759_btn,mobiflight.AS1000_MFD_FLC_Push
13760_btn,AP_VS_HOLD
14448_btn,mobiflight.BAROMETRIC
14449_btn,mobiflight.AS1000_MFD_JOYSTICK_PUSH
14451_btn,mobiflight.PITOT_HEAT_TOGGLE
14454_btn,mobiflight.TOGGLE_WING_LIGHTS
14456_btn,mobiflight.STROBES_TOGGLE
14458_btn,mobiflight.TOGGLE_BEACON_LIGHTS
14461_btn,mobiflight.TOGGLE_NAV_LIGHTS
14463_btn,GLARESHIELD_LIGHTS_TOGGLE
14466_btn,mobiflight.PANEL_LIGHTS_TOGGLE
14468_btn,mobiflight.TOGGLE_TAXI_LIGHTS
14469_btn,mobiflight.AS1000_MFD_CLR
14470_btn,mobiflight.LANDING_LIGHTS_TOGGLE
14471_btn,mobiflight.mobiflight.AS1000_MFD_ENT_Push
14472_btn,mobiflight.AS1000_MFD_FMS_Upper_PUSH
15348_btn,AP_NAV1_HOLD
15350_btn,AP_APR_HOLD
15352_btn,mobiflight.AS1000_AP_VNAV_Push
15355_btn,mobiflight.AP_MASTER
1760_btn,mobiflight.AS1000_MFD_JOYSTICK_LEFT
1761_btn,mobiflight.AS1000_MFD_JOYSTICK_RIGHT
17670127_rel,mobiflight.AP_SPD_VAR_DEC
176701_rel,mobiflight.AP_SPD_VAR_INC
17671127_rel,HEADING_BUG_DEC
176711_rel,HEADING_BUG_INC
17672127_rel,AP_ALT_VAR_DEC
176721_rel,AP_ALT_VAR_INC
17673127_rel,AP_VS_VAR_DEC
176731_rel,AP_VS_VAR_INC
17674127_rel,VOR1_OBI_DEC
176741_rel,VOR1_OBI_INC
17675127_rel,VOR2_OBI_DEC
176751_rel,VOR2_OBI_INC
17676127_rel,mobiflight.AS1000_MFD_FMS_Upper_DEC
176761_rel,mobiflight.AS1000_MFD_FMS_Upper_INC
17677127_rel,mobiflight.AS1000_MFD_FMS_Lower_DEC
176771_rel,mobiflight.AS1000_MFD_FMS_Lower_INC
17680_btn,mobiflight.AS1000_MFD_JOYSTICK_UP
17681_btn,mobiflight.AS1000_MFD_JOYSTICK_DOWN
